0	0	48.0
0	1	17.0
0	2	12.0
0	3	17.0
0	4	21.0
0	5	22.0
0	20	2.0
0	21	1.0
0	22	1.0
0	23	1.0
0	24	1.0
0	26	5.0
0	27	1.0
0	29	1.0
0	31	1.0
0	32	1.0
0	33	3.0
0	35	2.0
0	36	1.0
0	37	1.0
0	38	2.0
0	39	4.0
0	40	2.0
0	41	1.0
0	44	2.0
0	46	2.0
0	47	3.0
0	48	3.0
0	51	1.0
0	52	1.0
0	54	3.0
0	55	2.0
0	56	1.0
0	57	1.0
0	58	2.0
0	60	4.0
0	61	3.0
0	62	1.0
0	63	1.0
0	64	2.0
0	65	1.0
0	66	9.0
0	67	5.0
0	68	1.0
0	69	3.0
0	70	7.0
0	71	1.0
0	75	5.0
0	76	1.0
0	77	3.0
0	78	2.0
0	79	1.0
0	80	2.0
0	82	1.0
0	84	1.0
0	86	4.0
0	87	2.0
0	91	2.0
0	92	3.0
0	93	5.0
0	94	2.0
0	95	1.0
0	96	1.0
0	103	1.0
1	0	17.0
1	1	17.0
1	2	6.0
1	3	4.0
1	4	2.0
1	5	6.0
1	70	2.0
1	64	1.0
1	75	2.0
1	76	1.0
1	66	2.0
1	77	2.0
1	67	1.0
1	20	2.0
1	21	1.0
1	22	1.0
1	23	1.0
1	24	1.0
1	26	4.0
1	91	1.0
1	86	2.0
1	93	1.0
1	69	1.0
1	96	1.0
1	33	1.0
1	35	1.0
1	37	1.0
1	103	1.0
1	92	2.0
1	47	2.0
1	48	1.0
1	52	1.0
1	60	1.0
1	61	1.0
2	0	12.0
2	1	6.0
2	2	12.0
2	3	1.0
2	4	2.0
2	5	6.0
2	70	3.0
2	75	1.0
2	76	1.0
2	66	3.0
2	77	1.0
2	67	2.0
2	20	1.0
2	22	1.0
2	23	1.0
2	26	1.0
2	93	2.0
2	69	1.0
2	96	1.0
2	33	1.0
2	36	1.0
2	38	1.0
2	39	2.0
2	41	1.0
2	44	2.0
2	46	1.0
2	47	1.0
2	48	1.0
2	54	1.0
2	55	1.0
2	58	1.0
3	0	17.0
3	1	4.0
3	2	1.0
3	3	17.0
3	4	8.0
3	5	4.0
3	70	3.0
3	64	2.0
3	75	1.0
3	66	3.0
3	78	1.0
3	77	1.0
3	80	1.0
3	82	1.0
3	67	2.0
3	86	1.0
3	87	1.0
3	68	1.0
3	92	1.0
3	93	3.0
3	94	2.0
3	95	1.0
3	33	1.0
3	35	1.0
3	38	1.0
3	39	1.0
3	40	1.0
3	103	1.0
3	47	1.0
3	48	2.0
3	51	1.0
3	52	1.0
3	54	1.0
3	56	1.0
3	57	1.0
3	60	3.0
3	61	3.0
3	63	1.0
4	0	21.0
4	1	2.0
4	2	2.0
4	3	8.0
4	4	21.0
4	5	7.0
4	26	2.0
4	27	1.0
4	29	1.0
4	31	1.0
4	32	1.0
4	33	1.0
4	35	1.0
4	38	1.0
4	39	2.0
4	40	2.0
4	46	1.0
4	48	2.0
4	51	1.0
4	54	3.0
4	55	2.0
4	56	1.0
4	57	1.0
4	58	2.0
4	60	1.0
4	62	1.0
4	65	1.0
4	66	3.0
4	67	1.0
4	68	1.0
4	69	1.0
4	70	2.0
4	75	3.0
4	77	1.0
4	78	2.0
4	79	1.0
4	80	1.0
4	84	1.0
4	86	3.0
4	87	2.0
4	91	2.0
4	92	2.0
4	93	2.0
4	94	2.0
5	0	22.0
5	1	6.0
5	2	6.0
5	3	4.0
5	4	7.0
5	5	22.0
5	70	4.0
5	65	1.0
5	64	1.0
5	75	2.0
5	66	5.0
5	77	1.0
5	80	2.0
5	82	1.0
5	67	4.0
5	20	1.0
5	22	1.0
5	23	1.0
5	26	4.0
5	27	1.0
5	86	1.0
5	29	1.0
5	69	1.0
5	31	1.0
5	32	1.0
5	33	2.0
5	35	1.0
5	36	1.0
5	37	1.0
5	38	1.0
5	39	3.0
5	40	1.0
5	41	1.0
5	71	1.0
5	44	2.0
5	46	2.0
5	93	1.0
5	91	1.0
5	84	1.0
5	87	1.0
5	60	2.0
5	61	1.0
5	62	1.0
6	6	56.0
6	7	10.0
6	8	8.0
6	9	9.0
6	10	11.0
6	11	13.0
6	12	13.0
6	13	13.0
6	14	7.0
6	15	11.0
6	16	13.0
6	17	12.0
6	18	9.0
6	19	12.0
6	85	2.0
6	26	6.0
6	33	2.0
6	34	1.0
6	36	1.0
6	38	1.0
6	103	6.0
6	104	4.0
6	105	4.0
6	47	2.0
7	33	1.0
7	36	1.0
7	38	1.0
7	6	10.0
7	7	10.0
7	9	3.0
7	10	3.0
7	12	2.0
7	13	2.0
7	14	1.0
7	15	1.0
7	16	2.0
7	17	2.0
7	18	1.0
7	19	2.0
7	47	1.0
8	6	8.0
8	103	2.0
8	8	8.0
8	9	1.0
8	10	1.0
8	11	1.0
8	12	4.0
8	14	1.0
8	17	2.0
8	18	1.0
8	19	1.0
8	105	1.0
8	104	2.0
8	26	2.0
9	6	9.0
9	7	3.0
9	8	1.0
9	9	9.0
9	10	2.0
9	103	1.0
9	13	1.0
9	14	1.0
9	16	1.0
9	104	1.0
9	18	2.0
9	19	4.0
9	26	1.0
10	33	2.0
10	34	1.0
10	36	1.0
10	38	1.0
10	6	11.0
10	7	3.0
10	8	1.0
10	9	2.0
10	10	11.0
10	11	2.0
10	12	2.0
10	13	1.0
10	14	1.0
10	15	1.0
10	17	1.0
10	18	2.0
10	19	3.0
10	47	1.0
11	33	1.0
11	34	1.0
11	6	13.0
11	103	1.0
11	8	1.0
11	105	1.0
11	10	2.0
11	11	13.0
11	12	2.0
11	13	3.0
11	14	1.0
11	15	3.0
11	16	1.0
11	17	4.0
11	18	3.0
11	19	1.0
11	85	1.0
12	6	13.0
12	7	2.0
12	8	4.0
12	105	2.0
12	10	2.0
12	11	2.0
12	12	13.0
12	14	1.0
12	15	3.0
12	16	5.0
12	17	1.0
12	19	1.0
12	104	1.0
12	26	1.0
12	103	2.0
13	33	1.0
13	36	1.0
13	38	1.0
13	6	13.0
13	7	2.0
13	103	2.0
13	9	1.0
13	10	1.0
13	11	3.0
13	13	13.0
13	14	3.0
13	15	2.0
13	16	3.0
13	17	1.0
13	18	2.0
13	19	1.0
13	85	1.0
13	105	1.0
13	104	1.0
13	26	1.0
13	47	1.0
14	103	1.0
14	6	7.0
14	7	1.0
14	8	1.0
14	9	1.0
14	10	1.0
14	11	1.0
14	12	1.0
14	13	3.0
14	14	7.0
14	15	1.0
14	16	1.0
14	17	1.0
14	104	1.0
14	26	1.0
14	47	1.0
15	6	11.0
15	7	1.0
15	105	1.0
15	10	1.0
15	11	3.0
15	12	3.0
15	13	2.0
15	14	1.0
15	15	11.0
15	16	4.0
15	17	2.0
15	19	2.0
15	85	1.0
15	26	1.0
15	103	1.0
16	6	13.0
16	7	2.0
16	104	2.0
16	9	1.0
16	11	1.0
16	12	5.0
16	13	3.0
16	14	1.0
16	15	4.0
16	16	13.0
16	17	1.0
16	18	1.0
16	19	2.0
16	85	1.0
16	105	2.0
16	26	2.0
16	103	3.0
17	6	12.0
17	7	2.0
17	8	2.0
17	10	1.0
17	11	4.0
17	12	1.0
17	13	1.0
17	14	1.0
17	15	2.0
17	16	1.0
17	17	12.0
17	18	3.0
17	19	1.0
17	26	1.0
18	16	1.0
18	17	3.0
18	18	9.0
18	6	9.0
18	7	1.0
18	8	1.0
18	9	2.0
18	10	2.0
18	11	3.0
18	13	2.0
18	47	1.0
19	33	1.0
19	34	1.0
19	6	12.0
19	7	2.0
19	8	1.0
19	9	4.0
19	10	3.0
19	11	1.0
19	12	1.0
19	13	1.0
19	15	2.0
19	16	2.0
19	17	1.0
19	19	12.0
19	85	1.0
19	105	1.0
19	104	1.0
19	26	3.0
19	103	1.0
20	0	2.0
20	1	2.0
20	2	1.0
20	5	1.0
20	20	52.0
20	21	22.0
20	22	24.0
20	23	22.0
20	24	20.0
20	25	10.0
20	26	3.0
20	33	2.0
20	34	1.0
20	36	1.0
20	37	1.0
20	38	1.0
20	39	6.0
20	40	1.0
20	41	1.0
20	42	3.0
20	43	1.0
20	44	2.0
20	46	2.0
20	47	1.0
20	48	10.0
20	49	2.0
20	50	5.0
20	51	3.0
20	52	2.0
20	53	3.0
20	54	8.0
20	55	1.0
20	56	5.0
20	57	5.0
20	58	2.0
20	59	1.0
20	60	1.0
20	61	1.0
20	64	1.0
20	66	5.0
20	67	3.0
20	68	1.0
20	69	2.0
20	70	3.0
20	71	1.0
20	75	1.0
20	77	1.0
20	78	1.0
20	80	11.0
20	81	5.0
20	82	3.0
20	83	4.0
20	84	4.0
20	86	4.0
20	87	3.0
20	90	2.0
20	91	1.0
20	92	1.0
20	93	8.0
20	94	5.0
20	95	5.0
20	96	1.0
20	103	2.0
20	104	2.0
20	105	2.0
21	0	1.0
21	1	1.0
21	20	22.0
21	21	22.0
21	22	6.0
21	23	7.0
21	24	6.0
21	25	2.0
21	26	1.0
21	33	1.0
21	36	1.0
21	37	1.0
21	39	2.0
21	40	1.0
21	41	1.0
21	42	1.0
21	43	1.0
21	46	1.0
21	47	1.0
21	48	3.0
21	49	1.0
21	50	2.0
21	51	1.0
21	54	3.0
21	55	1.0
21	56	1.0
21	57	3.0
21	58	1.0
21	66	4.0
21	67	3.0
21	69	2.0
21	70	3.0
21	80	2.0
21	81	1.0
21	82	1.0
21	83	1.0
21	86	2.0
21	87	1.0
21	91	1.0
21	92	1.0
21	93	6.0
21	94	4.0
21	95	4.0
21	103	1.0
21	104	1.0
21	105	1.0
22	0	1.0
22	1	1.0
22	2	1.0
22	5	1.0
22	20	24.0
22	21	6.0
22	22	24.0
22	23	9.0
22	24	5.0
22	25	3.0
22	26	2.0
22	33	1.0
22	34	1.0
22	38	1.0
22	39	3.0
22	40	1.0
22	42	1.0
22	43	1.0
22	44	1.0
22	46	1.0
22	47	1.0
22	48	7.0
22	49	2.0
22	50	3.0
22	51	2.0
22	52	2.0
22	53	3.0
22	54	4.0
22	55	1.0
22	56	3.0
22	57	3.0
22	58	1.0
22	66	2.0
22	67	1.0
22	68	1.0
22	70	1.0
22	71	1.0
22	80	3.0
22	81	1.0
22	84	2.0
22	86	1.0
22	87	1.0
22	91	1.0
22	93	2.0
22	94	1.0
22	95	2.0
22	103	1.0
22	104	1.0
22	105	1.0
23	0	1.0
23	1	1.0
23	2	1.0
23	5	1.0
23	20	22.0
23	21	7.0
23	22	9.0
23	23	22.0
23	24	6.0
23	25	2.0
23	26	1.0
23	33	1.0
23	36	1.0
23	37	1.0
23	39	4.0
23	41	1.0
23	42	3.0
23	44	1.0
23	46	1.0
23	47	1.0
23	48	3.0
23	50	2.0
23	51	1.0
23	53	1.0
23	54	3.0
23	56	2.0
23	57	1.0
23	58	2.0
23	59	1.0
23	60	1.0
23	61	1.0
23	64	1.0
23	66	1.0
23	68	1.0
23	71	1.0
23	80	7.0
23	81	3.0
23	82	2.0
23	83	3.0
23	84	3.0
23	86	1.0
23	87	1.0
23	90	1.0
23	93	4.0
23	94	3.0
23	95	3.0
23	96	1.0
23	103	1.0
23	104	1.0
23	105	1.0
24	0	1.0
24	1	1.0
24	66	2.0
24	67	1.0
24	69	2.0
24	70	1.0
24	64	1.0
24	75	1.0
24	77	1.0
24	78	1.0
24	80	6.0
24	81	2.0
24	82	1.0
24	83	3.0
24	20	20.0
24	21	6.0
24	22	5.0
24	23	6.0
24	24	20.0
24	25	3.0
24	26	2.0
24	86	3.0
24	90	2.0
24	94	3.0
24	95	1.0
24	84	2.0
24	33	1.0
24	34	1.0
24	38	1.0
24	39	2.0
24	92	1.0
24	44	2.0
24	46	1.0
24	93	4.0
24	48	1.0
24	50	1.0
24	54	2.0
24	56	1.0
24	57	1.0
24	87	2.0
24	60	1.0
24	61	1.0
25	66	1.0
25	67	1.0
25	86	1.0
25	70	1.0
25	75	1.0
25	77	1.0
25	78	1.0
25	80	2.0
25	81	1.0
25	82	1.0
25	20	10.0
25	21	2.0
25	22	3.0
25	23	2.0
25	24	3.0
25	25	10.0
25	90	1.0
25	93	2.0
25	94	1.0
25	95	1.0
25	96	1.0
25	39	1.0
25	42	1.0
25	48	3.0
25	50	1.0
25	51	1.0
25	52	2.0
25	53	1.0
25	54	3.0
25	56	2.0
25	57	1.0
25	87	1.0
25	59	1.0
26	0	5.0
26	1	4.0
26	2	1.0
26	4	2.0
26	5	4.0
26	6	6.0
26	8	2.0
26	9	1.0
26	12	1.0
26	13	1.0
26	14	1.0
26	15	1.0
26	16	2.0
26	17	1.0
26	19	3.0
26	20	3.0
26	21	1.0
26	22	2.0
26	23	1.0
26	24	2.0
26	26	41.0
26	33	2.0
26	35	2.0
26	36	1.0
26	38	1.0
26	39	5.0
26	40	2.0
26	41	1.0
26	42	1.0
26	43	2.0
26	44	1.0
26	46	3.0
26	54	3.0
26	55	1.0
26	57	1.0
26	58	3.0
26	59	1.0
26	60	2.0
26	62	1.0
26	63	2.0
26	65	1.0
26	66	3.0
26	67	3.0
26	70	3.0
26	75	6.0
26	76	4.0
26	77	3.0
26	78	1.0
26	79	1.0
26	80	1.0
26	81	1.0
26	85	2.0
26	86	3.0
26	87	1.0
26	88	1.0
26	90	2.0
26	91	1.0
26	92	2.0
26	97	5.0
26	98	1.0
26	99	1.0
26	101	1.0
26	102	2.0
27	0	1.0
27	96	1.0
27	66	5.0
27	67	3.0
27	4	1.0
27	5	1.0
27	75	3.0
27	76	2.0
27	78	1.0
27	89	1.0
27	86	1.0
27	69	2.0
27	68	3.0
27	27	49.0
27	28	29.0
27	29	25.0
27	30	25.0
27	31	23.0
27	32	12.0
27	33	2.0
27	35	2.0
27	36	1.0
27	39	5.0
27	104	1.0
27	42	2.0
27	103	1.0
27	45	1.0
27	46	3.0
27	93	3.0
27	48	1.0
27	50	1.0
27	94	2.0
27	54	3.0
27	55	2.0
27	57	2.0
27	91	1.0
28	96	1.0
28	66	4.0
28	67	2.0
28	68	2.0
28	69	2.0
28	75	3.0
28	76	2.0
28	78	1.0
28	86	1.0
28	89	1.0
28	91	1.0
28	28	29.0
28	29	14.0
28	30	9.0
28	31	11.0
28	32	7.0
28	27	29.0
28	39	3.0
28	104	1.0
28	103	1.0
28	46	2.0
28	93	2.0
28	94	1.0
28	54	3.0
28	55	2.0
28	57	2.0
29	0	1.0
29	66	3.0
29	67	1.0
29	4	1.0
29	5	1.0
29	75	1.0
29	76	1.0
29	86	1.0
29	89	1.0
29	68	1.0
29	27	25.0
29	28	14.0
29	29	25.0
29	30	10.0
29	69	2.0
29	32	5.0
29	33	1.0
29	35	1.0
29	36	1.0
29	103	1.0
29	91	1.0
29	48	1.0
29	104	1.0
29	50	1.0
29	31	10.0
30	66	3.0
30	67	3.0
30	68	2.0
30	75	2.0
30	76	1.0
30	78	1.0
30	27	25.0
30	28	9.0
30	29	10.0
30	30	25.0
30	31	14.0
30	32	5.0
30	33	2.0
30	35	2.0
30	36	1.0
30	39	4.0
30	104	1.0
30	42	2.0
30	103	1.0
30	45	1.0
30	46	3.0
30	93	2.0
30	48	1.0
30	50	1.0
30	94	2.0
30	54	1.0
30	57	1.0
31	0	1.0
31	96	1.0
31	66	2.0
31	67	1.0
31	4	1.0
31	5	1.0
31	75	2.0
31	76	1.0
31	78	1.0
31	69	1.0
31	68	1.0
31	27	23.0
31	28	11.0
31	29	10.0
31	30	14.0
31	31	23.0
31	32	3.0
31	33	1.0
31	35	1.0
31	39	2.0
31	42	1.0
31	45	1.0
31	46	1.0
31	93	3.0
31	94	2.0
31	54	2.0
31	55	2.0
31	57	1.0
32	0	1.0
32	32	12.0
32	35	1.0
32	4	1.0
32	5	1.0
32	33	1.0
32	91	1.0
32	42	1.0
32	39	1.0
32	76	1.0
32	46	1.0
32	75	1.0
32	86	1.0
32	89	1.0
32	36	1.0
32	27	12.0
32	28	7.0
32	29	5.0
32	30	5.0
32	31	3.0
33	0	3.0
33	1	1.0
33	2	1.0
33	3	1.0
33	4	1.0
33	5	2.0
33	6	2.0
33	7	1.0
33	10	2.0
33	11	1.0
33	13	1.0
33	19	1.0
33	20	2.0
33	21	1.0
33	22	1.0
33	23	1.0
33	24	1.0
33	26	2.0
33	27	2.0
33	29	1.0
33	30	2.0
33	31	1.0
33	32	1.0
33	33	42.0
33	34	14.0
33	35	14.0
33	36	16.0
33	37	16.0
33	38	15.0
33	39	5.0
33	40	1.0
33	42	3.0
33	43	3.0
33	44	1.0
33	46	1.0
33	48	7.0
33	49	4.0
33	50	1.0
33	51	3.0
33	52	2.0
33	53	1.0
33	54	3.0
33	55	1.0
33	56	1.0
33	57	1.0
33	59	2.0
33	60	3.0
33	61	2.0
33	62	1.0
33	63	3.0
33	66	3.0
33	67	2.0
33	68	1.0
33	70	1.0
33	71	2.0
33	75	4.0
33	76	2.0
33	77	3.0
33	78	2.0
33	80	5.0
33	82	1.0
33	83	2.0
33	84	1.0
33	85	1.0
33	86	3.0
33	87	1.0
33	91	3.0
33	92	1.0
33	93	1.0
33	94	1.0
33	96	1.0
33	97	1.0
33	100	1.0
33	101	1.0
33	103	1.0
33	104	1.0
33	105	1.0
34	66	1.0
34	67	1.0
34	86	2.0
34	6	1.0
34	71	1.0
34	10	1.0
34	11	1.0
34	76	2.0
34	77	2.0
34	78	1.0
34	80	2.0
34	75	3.0
34	19	1.0
34	20	1.0
34	85	1.0
34	22	1.0
34	24	1.0
34	91	2.0
34	92	1.0
34	33	14.0
34	34	14.0
34	35	3.0
34	36	3.0
34	37	5.0
34	38	2.0
34	39	2.0
34	42	1.0
34	43	1.0
34	44	1.0
34	48	3.0
34	49	2.0
34	51	1.0
34	52	1.0
34	53	1.0
34	83	1.0
34	60	1.0
34	61	1.0
34	63	1.0
35	0	2.0
35	1	1.0
35	66	1.0
35	3	1.0
35	4	1.0
35	5	1.0
35	70	1.0
35	96	1.0
35	75	2.0
35	76	1.0
35	77	2.0
35	86	1.0
35	87	1.0
35	68	1.0
35	26	2.0
35	27	2.0
35	29	1.0
35	30	2.0
35	31	1.0
35	32	1.0
35	33	14.0
35	34	3.0
35	35	14.0
35	36	3.0
35	37	4.0
35	38	3.0
35	39	1.0
35	43	1.0
35	44	1.0
35	93	1.0
35	48	3.0
35	49	2.0
35	50	1.0
35	51	1.0
35	52	1.0
35	94	1.0
35	91	1.0
36	0	1.0
36	2	1.0
36	5	1.0
36	6	1.0
36	7	1.0
36	10	1.0
36	13	1.0
36	20	1.0
36	21	1.0
36	23	1.0
36	26	1.0
36	27	1.0
36	29	1.0
36	30	1.0
36	32	1.0
36	33	16.0
36	34	3.0
36	35	3.0
36	36	16.0
36	37	5.0
36	38	6.0
36	39	2.0
36	40	1.0
36	42	1.0
36	43	1.0
36	46	1.0
36	48	2.0
36	51	2.0
36	53	1.0
36	54	1.0
36	56	1.0
36	59	1.0
36	60	1.0
36	62	1.0
36	63	1.0
36	66	3.0
36	67	2.0
36	68	1.0
36	70	1.0
36	71	2.0
36	75	1.0
36	76	1.0
36	78	1.0
36	80	1.0
36	83	1.0
36	84	1.0
36	97	1.0
36	100	1.0
36	101	1.0
36	103	1.0
36	104	1.0
36	105	1.0
37	0	1.0
37	1	1.0
37	5	1.0
37	103	1.0
37	75	3.0
37	76	1.0
37	77	2.0
37	78	2.0
37	20	1.0
37	21	1.0
37	86	1.0
37	23	1.0
37	91	1.0
37	33	16.0
37	34	5.0
37	35	4.0
37	36	5.0
37	37	16.0
37	38	5.0
37	39	2.0
37	104	1.0
37	105	1.0
37	42	2.0
37	43	1.0
37	48	3.0
37	49	2.0
37	51	1.0
37	52	2.0
37	54	2.0
37	85	1.0
37	56	1.0
37	59	2.0
37	60	2.0
37	61	1.0
37	62	1.0
37	63	2.0
38	0	2.0
38	2	1.0
38	3	1.0
38	4	1.0
38	5	1.0
38	6	1.0
38	7	1.0
38	10	1.0
38	13	1.0
38	20	1.0
38	22	1.0
38	24	1.0
38	26	1.0
38	33	15.0
38	34	2.0
38	35	3.0
38	36	6.0
38	37	5.0
38	38	15.0
38	39	3.0
38	40	1.0
38	42	2.0
38	43	2.0
38	46	1.0
38	48	3.0
38	49	1.0
38	50	1.0
38	51	2.0
38	54	1.0
38	59	1.0
38	60	1.0
38	61	1.0
38	63	1.0
38	66	1.0
38	67	1.0
38	71	1.0
38	75	1.0
38	77	1.0
38	78	1.0
38	80	1.0
38	83	1.0
38	84	1.0
38	86	1.0
38	91	1.0
38	92	1.0
39	0	4.0
39	2	2.0
39	3	1.0
39	4	2.0
39	5	3.0
39	20	6.0
39	21	2.0
39	22	3.0
39	23	4.0
39	24	2.0
39	25	1.0
39	26	5.0
39	27	5.0
39	28	3.0
39	30	4.0
39	31	2.0
39	32	1.0
39	33	5.0
39	34	2.0
39	35	1.0
39	36	2.0
39	37	2.0
39	38	3.0
39	39	51.0
39	40	14.0
39	41	8.0
39	42	16.0
39	43	10.0
39	44	13.0
39	45	7.0
39	46	16.0
39	48	6.0
39	50	2.0
39	51	3.0
39	52	3.0
39	53	2.0
39	54	2.0
39	56	1.0
39	58	1.0
39	59	1.0
39	60	3.0
39	62	3.0
39	63	2.0
39	65	1.0
39	66	1.0
39	67	1.0
39	70	1.0
39	75	4.0
39	76	3.0
39	77	2.0
39	78	1.0
39	79	2.0
39	80	4.0
39	81	2.0
39	82	1.0
39	83	1.0
39	84	2.0
39	85	1.0
39	86	12.0
39	87	5.0
39	88	1.0
39	89	2.0
39	90	3.0
39	91	8.0
39	92	7.0
39	93	2.0
39	94	1.0
40	0	2.0
40	66	1.0
40	3	1.0
40	4	2.0
40	5	1.0
40	70	1.0
40	75	1.0
40	76	1.0
40	77	1.0
40	89	1.0
40	80	2.0
40	92	3.0
40	67	1.0
40	20	1.0
40	21	1.0
40	22	1.0
40	87	1.0
40	83	1.0
40	26	2.0
40	91	4.0
40	86	5.0
40	90	2.0
40	33	1.0
40	36	1.0
40	38	1.0
40	39	14.0
40	40	14.0
40	41	1.0
40	42	3.0
40	43	1.0
40	44	1.0
40	46	4.0
40	48	2.0
40	51	1.0
40	52	2.0
40	53	1.0
40	54	1.0
40	56	1.0
40	84	1.0
40	85	1.0
41	0	1.0
41	2	1.0
41	5	1.0
41	75	1.0
41	76	1.0
41	79	1.0
41	20	1.0
41	21	1.0
41	86	1.0
41	23	1.0
41	26	1.0
41	91	1.0
41	90	1.0
41	39	8.0
41	40	1.0
41	41	8.0
41	42	2.0
41	43	1.0
41	44	2.0
41	48	3.0
41	50	1.0
41	51	2.0
41	52	1.0
42	20	3.0
42	21	1.0
42	22	1.0
42	23	3.0
42	25	1.0
42	26	1.0
42	27	2.0
42	30	2.0
42	31	1.0
42	32	1.0
42	33	3.0
42	34	1.0
42	36	1.0
42	37	2.0
42	38	2.0
42	39	16.0
42	40	3.0
42	41	2.0
42	42	16.0
42	43	3.0
42	44	2.0
42	45	2.0
42	46	2.0
42	48	2.0
42	50	1.0
42	51	1.0
42	52	1.0
42	53	1.0
42	54	1.0
42	56	1.0
42	60	1.0
42	62	1.0
42	63	1.0
42	75	3.0
42	76	2.0
42	77	2.0
42	78	1.0
42	79	1.0
42	80	2.0
42	81	1.0
42	82	1.0
42	83	1.0
42	84	1.0
42	85	1.0
42	86	1.0
42	87	1.0
42	91	1.0
42	92	1.0
43	65	1.0
43	86	1.0
43	20	1.0
43	21	1.0
43	22	1.0
43	87	1.0
43	26	2.0
43	90	1.0
43	33	3.0
43	34	1.0
43	35	1.0
43	36	1.0
43	37	1.0
43	38	2.0
43	39	10.0
43	40	1.0
43	41	1.0
43	42	3.0
43	43	10.0
43	44	1.0
43	45	2.0
43	46	4.0
43	48	2.0
43	50	1.0
43	51	1.0
43	53	1.0
43	60	1.0
43	62	1.0
44	0	2.0
44	2	2.0
44	5	2.0
44	75	1.0
44	77	1.0
44	78	1.0
44	92	1.0
44	20	2.0
44	22	1.0
44	23	1.0
44	24	2.0
44	89	1.0
44	26	1.0
44	91	3.0
44	86	3.0
44	93	2.0
44	94	1.0
44	33	1.0
44	34	1.0
44	35	1.0
44	39	13.0
44	40	1.0
44	41	2.0
44	42	2.0
44	43	1.0
44	44	13.0
44	45	2.0
44	46	5.0
44	87	1.0
44	54	1.0
44	58	1.0
44	59	1.0
44	60	2.0
44	62	2.0
44	63	2.0
45	65	1.0
45	75	2.0
45	76	1.0
45	77	1.0
45	78	1.0
45	79	1.0
45	80	1.0
45	81	1.0
45	84	1.0
45	86	2.0
45	87	1.0
45	89	1.0
45	90	1.0
45	27	1.0
45	92	1.0
45	93	1.0
45	30	1.0
45	31	1.0
45	91	1.0
45	39	7.0
45	42	2.0
45	43	2.0
45	44	2.0
45	45	7.0
45	46	2.0
45	94	1.0
45	54	1.0
45	58	1.0
45	59	1.0
45	60	1.0
45	62	1.0
46	0	2.0
46	65	1.0
46	2	1.0
46	67	1.0
46	4	1.0
46	5	2.0
46	70	1.0
46	75	1.0
46	76	1.0
46	66	1.0
46	79	1.0
46	20	2.0
46	21	1.0
46	22	1.0
46	23	1.0
46	24	1.0
46	26	3.0
46	27	3.0
46	28	2.0
46	93	1.0
46	30	3.0
46	31	1.0
46	32	1.0
46	33	1.0
46	91	1.0
46	36	1.0
46	38	1.0
46	39	16.0
46	40	4.0
46	42	2.0
46	43	4.0
46	44	5.0
46	45	2.0
46	46	16.0
46	86	1.0
46	87	1.0
46	60	3.0
46	62	3.0
46	63	2.0
47	0	3.0
47	1	2.0
47	2	1.0
47	3	1.0
47	68	1.0
47	86	1.0
47	6	2.0
47	7	1.0
47	72	1.0
47	73	1.0
47	10	1.0
47	75	1.0
47	76	1.0
47	66	1.0
47	14	1.0
47	13	1.0
47	18	1.0
47	20	1.0
47	21	1.0
47	22	1.0
47	23	1.0
47	88	1.0
47	100	1.0
47	93	1.0
47	94	1.0
47	95	1.0
47	97	2.0
47	98	2.0
47	77	1.0
47	70	1.0
47	102	1.0
47	47	12.0
47	48	1.0
47	49	1.0
47	50	1.0
47	87	1.0
47	60	1.0
47	61	1.0
48	0	3.0
48	1	1.0
48	2	1.0
48	3	2.0
48	4	2.0
48	20	10.0
48	21	3.0
48	22	7.0
48	23	3.0
48	24	1.0
48	25	3.0
48	27	1.0
48	29	1.0
48	30	1.0
48	33	7.0
48	34	3.0
48	35	3.0
48	36	2.0
48	37	3.0
48	38	3.0
48	39	6.0
48	40	2.0
48	41	3.0
48	42	2.0
48	43	2.0
48	47	1.0
48	48	43.0
48	49	13.0
48	50	14.0
48	51	13.0
48	52	13.0
48	53	11.0
48	54	4.0
48	55	2.0
48	56	1.0
48	57	2.0
48	58	1.0
48	59	2.0
48	66	2.0
48	68	1.0
48	70	1.0
48	71	1.0
48	75	3.0
48	76	1.0
48	77	2.0
48	78	3.0
48	80	4.0
48	82	3.0
48	86	3.0
48	87	3.0
48	90	1.0
48	91	2.0
48	92	1.0
48	93	2.0
48	94	2.0
48	97	1.0
48	98	1.0
48	100	1.0
48	103	1.0
48	105	1.0
49	66	1.0
49	68	1.0
49	86	1.0
49	70	1.0
49	75	1.0
49	77	1.0
49	78	1.0
49	80	3.0
49	82	2.0
49	20	2.0
49	21	1.0
49	22	2.0
49	87	1.0
49	91	1.0
49	33	4.0
49	34	2.0
49	35	2.0
49	37	2.0
49	38	1.0
49	103	1.0
49	105	1.0
49	47	1.0
49	48	13.0
49	49	13.0
49	50	5.0
49	52	3.0
49	53	3.0
49	54	1.0
49	56	1.0
49	59	1.0
50	66	1.0
50	68	1.0
50	86	1.0
50	70	1.0
50	75	1.0
50	94	1.0
50	77	1.0
50	78	1.0
50	80	1.0
50	82	1.0
50	20	5.0
50	21	2.0
50	22	3.0
50	23	2.0
50	24	1.0
50	25	1.0
50	90	1.0
50	27	1.0
50	29	1.0
50	30	1.0
50	33	1.0
50	35	1.0
50	38	1.0
50	39	2.0
50	41	1.0
50	42	1.0
50	43	1.0
50	93	1.0
50	47	1.0
50	48	14.0
50	49	5.0
50	50	14.0
50	51	2.0
50	52	2.0
50	53	2.0
50	54	1.0
50	55	1.0
50	57	1.0
50	87	1.0
50	91	1.0
51	0	1.0
51	3	1.0
51	4	1.0
51	75	1.0
51	77	1.0
51	78	1.0
51	80	1.0
51	82	1.0
51	20	3.0
51	21	1.0
51	22	2.0
51	23	1.0
51	25	1.0
51	93	1.0
51	94	1.0
51	33	3.0
51	34	1.0
51	35	1.0
51	36	2.0
51	37	1.0
51	38	2.0
51	39	3.0
51	40	1.0
51	41	2.0
51	42	1.0
51	43	1.0
51	48	13.0
51	50	2.0
51	51	13.0
51	52	3.0
51	53	2.0
51	54	2.0
51	55	1.0
51	57	1.0
51	58	1.0
51	59	1.0
52	0	1.0
52	1	1.0
52	66	1.0
52	3	1.0
52	86	2.0
52	71	1.0
52	105	1.0
52	20	2.0
52	22	2.0
52	87	2.0
52	25	2.0
52	90	1.0
52	91	1.0
52	92	1.0
52	93	1.0
52	94	1.0
52	33	2.0
52	34	1.0
52	35	1.0
52	37	2.0
52	39	3.0
52	40	2.0
52	41	1.0
52	42	1.0
52	103	1.0
52	48	13.0
52	49	3.0
52	50	2.0
52	51	3.0
52	52	13.0
52	53	1.0
52	54	1.0
52	55	1.0
52	57	1.0
53	100	1.0
53	98	1.0
53	97	1.0
53	75	2.0
53	76	1.0
53	77	1.0
53	78	2.0
53	80	2.0
53	82	2.0
53	20	3.0
53	22	3.0
53	23	1.0
53	25	1.0
53	33	1.0
53	34	1.0
53	36	1.0
53	39	2.0
53	40	1.0
53	42	1.0
53	43	1.0
53	48	11.0
53	49	3.0
53	50	2.0
53	51	2.0
53	52	1.0
53	53	11.0
53	54	1.0
53	56	1.0
53	59	1.0
54	0	3.0
54	2	1.0
54	3	1.0
54	4	3.0
54	20	8.0
54	21	3.0
54	22	4.0
54	23	3.0
54	24	2.0
54	25	3.0
54	26	3.0
54	27	3.0
54	28	3.0
54	30	1.0
54	31	2.0
54	33	3.0
54	36	1.0
54	37	2.0
54	38	1.0
54	39	2.0
54	40	1.0
54	42	1.0
54	44	1.0
54	45	1.0
54	48	4.0
54	49	1.0
54	50	1.0
54	51	2.0
54	52	1.0
54	53	1.0
54	54	35.0
54	55	15.0
54	56	13.0
54	57	12.0
54	58	12.0
54	59	10.0
54	60	2.0
54	61	1.0
54	62	1.0
54	64	1.0
54	66	1.0
54	71	1.0
54	75	4.0
54	76	3.0
54	77	2.0
54	78	2.0
54	79	1.0
54	80	3.0
54	82	1.0
54	85	1.0
54	86	2.0
54	87	2.0
54	88	1.0
54	90	1.0
54	93	3.0
54	94	1.0
54	95	1.0
54	96	2.0
54	103	1.0
54	104	1.0
54	105	1.0
55	0	2.0
55	2	1.0
55	4	2.0
55	86	2.0
55	71	1.0
55	75	1.0
55	66	1.0
55	78	1.0
55	80	1.0
55	20	1.0
55	21	1.0
55	22	1.0
55	87	2.0
55	88	1.0
55	26	1.0
55	27	2.0
55	28	2.0
55	90	1.0
55	31	2.0
55	33	1.0
55	48	2.0
55	50	1.0
55	51	1.0
55	52	1.0
55	54	15.0
55	55	15.0
55	56	1.0
55	57	5.0
55	58	6.0
55	59	2.0
55	60	1.0
55	62	1.0
56	0	1.0
56	3	1.0
56	4	1.0
56	20	5.0
56	21	1.0
56	22	3.0
56	23	2.0
56	24	1.0
56	25	2.0
56	33	1.0
56	36	1.0
56	37	1.0
56	39	1.0
56	40	1.0
56	42	1.0
56	48	1.0
56	49	1.0
56	53	1.0
56	54	13.0
56	55	1.0
56	56	13.0
56	57	4.0
56	58	1.0
56	59	4.0
56	60	1.0
56	61	1.0
56	64	1.0
56	75	3.0
56	76	3.0
56	77	2.0
56	78	1.0
56	79	1.0
56	80	1.0
56	82	1.0
56	85	1.0
56	86	1.0
56	87	1.0
56	88	1.0
56	93	2.0
56	95	1.0
56	96	2.0
56	103	1.0
56	104	1.0
56	105	1.0
57	0	1.0
57	66	1.0
57	3	1.0
57	4	1.0
57	71	1.0
57	80	1.0
57	20	5.0
57	21	3.0
57	22	3.0
57	23	1.0
57	24	1.0
57	25	1.0
57	26	1.0
57	27	2.0
57	28	2.0
57	30	1.0
57	31	1.0
57	33	1.0
57	103	1.0
57	104	1.0
57	105	1.0
57	48	2.0
57	50	1.0
57	51	1.0
57	52	1.0
57	54	12.0
57	55	5.0
57	56	4.0
57	57	12.0
57	58	2.0
58	0	2.0
58	2	1.0
58	4	2.0
58	75	1.0
58	78	1.0
58	20	2.0
58	21	1.0
58	22	1.0
58	23	2.0
58	26	3.0
58	93	1.0
58	94	1.0
58	39	1.0
58	44	1.0
58	45	1.0
58	48	1.0
58	51	1.0
58	54	12.0
58	55	6.0
58	56	1.0
58	57	2.0
58	58	12.0
58	59	3.0
58	60	1.0
58	62	1.0
59	75	1.0
59	76	1.0
59	79	1.0
59	80	1.0
59	82	1.0
59	20	1.0
59	86	1.0
59	23	1.0
59	25	1.0
59	26	1.0
59	90	1.0
59	94	1.0
59	95	1.0
59	96	1.0
59	33	2.0
59	87	1.0
59	36	1.0
59	37	2.0
59	38	1.0
59	39	1.0
59	44	1.0
59	45	1.0
59	93	2.0
59	48	2.0
59	49	1.0
59	51	1.0
59	53	1.0
59	54	10.0
59	55	2.0
59	56	4.0
59	58	3.0
59	59	10.0
60	0	4.0
60	1	1.0
60	3	3.0
60	4	1.0
60	5	2.0
60	20	1.0
60	23	1.0
60	24	1.0
60	26	2.0
60	33	3.0
60	34	1.0
60	36	1.0
60	37	2.0
60	38	1.0
60	39	3.0
60	42	1.0
60	43	1.0
60	44	2.0
60	45	1.0
60	46	3.0
60	47	1.0
60	54	2.0
60	55	1.0
60	56	1.0
60	58	1.0
60	60	54.0
60	61	27.0
60	62	24.0
60	63	20.0
60	64	16.0
60	65	17.0
60	66	12.0
60	67	4.0
60	68	6.0
60	69	4.0
60	70	4.0
60	71	3.0
60	75	8.0
60	76	3.0
60	77	4.0
60	78	4.0
60	79	3.0
60	80	11.0
60	81	2.0
60	82	2.0
60	83	6.0
60	84	3.0
60	86	5.0
60	87	1.0
60	88	2.0
60	91	3.0
60	92	2.0
60	93	8.0
60	94	4.0
60	95	3.0
60	96	1.0
60	103	3.0
60	104	1.0
60	105	2.0
61	0	3.0
61	1	1.0
61	66	5.0
61	3	3.0
61	68	3.0
61	5	1.0
61	70	1.0
61	65	5.0
61	64	9.0
61	75	2.0
61	76	1.0
61	77	1.0
61	79	1.0
61	80	7.0
61	81	1.0
61	82	2.0
61	67	1.0
61	20	1.0
61	86	2.0
61	23	1.0
61	24	1.0
61	92	1.0
61	93	6.0
61	88	1.0
61	69	2.0
61	96	1.0
61	33	2.0
61	34	1.0
61	37	1.0
61	38	1.0
61	71	1.0
61	47	1.0
61	83	4.0
61	94	3.0
61	54	1.0
61	56	1.0
61	84	1.0
61	87	1.0
61	95	2.0
61	60	27.0
61	61	27.0
61	62	3.0
61	63	8.0
62	0	1.0
62	4	1.0
62	5	1.0
62	26	1.0
62	33	1.0
62	36	1.0
62	37	1.0
62	39	3.0
62	42	1.0
62	43	1.0
62	44	2.0
62	45	1.0
62	46	3.0
62	54	1.0
62	55	1.0
62	58	1.0
62	60	24.0
62	61	3.0
62	62	24.0
62	63	8.0
62	64	4.0
62	65	7.0
62	66	6.0
62	67	3.0
62	68	3.0
62	69	2.0
62	70	2.0
62	71	2.0
62	75	6.0
62	76	2.0
62	77	2.0
62	78	3.0
62	79	3.0
62	80	4.0
62	81	1.0
62	83	2.0
62	84	2.0
62	86	4.0
62	87	1.0
62	88	1.0
62	91	2.0
62	92	2.0
62	103	3.0
62	104	1.0
62	105	2.0
63	0	1.0
63	64	1.0
63	66	2.0
63	3	1.0
63	68	1.0
63	70	1.0
63	65	3.0
63	75	3.0
63	76	2.0
63	77	3.0
63	79	1.0
63	80	5.0
63	81	1.0
63	82	2.0
63	67	1.0
63	84	2.0
63	86	2.0
63	88	1.0
63	26	2.0
63	91	2.0
63	92	1.0
63	93	4.0
63	94	2.0
63	95	2.0
63	33	3.0
63	34	1.0
63	36	1.0
63	37	2.0
63	38	1.0
63	39	2.0
63	42	1.0
63	44	2.0
63	46	2.0
63	83	1.0
63	60	20.0
63	61	8.0
63	62	8.0
63	63	20.0
64	0	2.0
64	1	1.0
64	66	3.0
64	3	2.0
64	5	1.0
64	70	3.0
64	65	4.0
64	64	16.0
64	75	3.0
64	77	1.0
64	78	3.0
64	79	1.0
64	80	2.0
64	83	2.0
64	20	1.0
64	86	1.0
64	23	1.0
64	24	1.0
64	91	1.0
64	93	2.0
64	69	1.0
64	96	1.0
64	103	2.0
64	104	1.0
64	105	1.0
64	71	1.0
64	54	1.0
64	56	1.0
64	95	1.0
64	60	16.0
64	61	9.0
64	62	4.0
64	63	1.0
65	0	1.0
65	64	4.0
65	66	6.0
65	67	2.0
65	4	1.0
65	5	1.0
65	70	1.0
65	65	17.0
65	103	1.0
65	75	2.0
65	76	1.0
65	77	1.0
65	78	2.0
65	80	4.0
65	81	1.0
65	83	3.0
65	84	1.0
65	86	1.0
65	88	1.0
65	68	3.0
65	71	1.0
65	91	1.0
65	26	1.0
65	94	2.0
65	69	3.0
65	39	1.0
65	105	1.0
65	43	1.0
65	45	1.0
65	46	1.0
65	93	3.0
65	95	1.0
65	60	17.0
65	61	5.0
65	62	7.0
65	63	3.0
66	0	9.0
66	1	2.0
66	2	3.0
66	3	3.0
66	4	3.0
66	5	5.0
66	20	5.0
66	21	4.0
66	22	2.0
66	23	1.0
66	24	2.0
66	25	1.0
66	26	3.0
66	27	5.0
66	28	4.0
66	29	3.0
66	30	3.0
66	31	2.0
66	33	3.0
66	34	1.0
66	35	1.0
66	36	3.0
66	38	1.0
66	39	1.0
66	40	1.0
66	46	1.0
66	47	1.0
66	48	2.0
66	49	1.0
66	50	1.0
66	52	1.0
66	54	1.0
66	55	1.0
66	57	1.0
66	60	12.0
66	61	5.0
66	62	6.0
66	63	2.0
66	64	3.0
66	65	6.0
66	66	46.0
66	67	24.0
66	68	16.0
66	69	14.0
66	70	20.0
66	71	10.0
66	75	2.0
66	77	1.0
66	78	1.0
66	79	2.0
66	80	6.0
66	81	2.0
66	82	1.0
66	83	2.0
66	84	3.0
66	86	5.0
66	87	2.0
66	88	1.0
66	89	2.0
66	90	1.0
66	91	2.0
66	92	2.0
66	93	2.0
66	95	1.0
66	96	1.0
66	97	1.0
66	100	1.0
66	102	1.0
66	103	2.0
66	104	1.0
66	105	1.0
67	0	5.0
67	1	1.0
67	2	2.0
67	3	2.0
67	4	1.0
67	5	4.0
67	20	3.0
67	21	3.0
67	22	1.0
67	24	1.0
67	25	1.0
67	26	3.0
67	27	3.0
67	28	2.0
67	29	1.0
67	30	3.0
67	31	1.0
67	33	2.0
67	34	1.0
67	36	2.0
67	38	1.0
67	39	1.0
67	40	1.0
67	46	1.0
67	60	4.0
67	61	1.0
67	62	3.0
67	63	1.0
67	65	2.0
67	66	24.0
67	67	24.0
67	68	5.0
67	69	6.0
67	70	11.0
67	71	2.0
67	75	1.0
67	77	1.0
67	79	1.0
67	80	3.0
67	81	2.0
67	82	1.0
67	84	1.0
67	86	2.0
67	87	1.0
67	89	1.0
67	90	1.0
67	91	1.0
67	93	2.0
67	95	1.0
67	96	1.0
67	97	1.0
67	100	1.0
67	102	1.0
67	103	2.0
67	104	1.0
67	105	1.0
68	0	1.0
68	65	3.0
68	66	16.0
68	3	1.0
68	4	1.0
68	69	2.0
68	70	3.0
68	71	5.0
68	86	2.0
68	80	5.0
68	81	1.0
68	82	1.0
68	67	5.0
68	20	1.0
68	22	1.0
68	23	1.0
68	88	1.0
68	68	16.0
68	27	3.0
68	28	2.0
68	29	1.0
68	30	2.0
68	31	1.0
68	33	1.0
68	35	1.0
68	36	1.0
68	92	2.0
68	47	1.0
68	48	1.0
68	49	1.0
68	50	1.0
68	83	2.0
68	89	1.0
68	84	3.0
68	60	6.0
68	61	3.0
68	62	3.0
68	63	1.0
69	0	3.0
69	1	1.0
69	2	1.0
69	67	6.0
69	4	1.0
69	5	1.0
69	70	4.0
69	65	3.0
69	64	1.0
69	79	2.0
69	75	2.0
69	66	14.0
69	78	1.0
69	77	1.0
69	80	1.0
69	81	1.0
69	20	2.0
69	21	2.0
69	86	2.0
69	87	1.0
69	24	2.0
69	68	2.0
69	90	1.0
69	27	2.0
69	28	2.0
69	29	2.0
69	69	14.0
69	91	1.0
69	95	1.0
69	93	1.0
69	89	1.0
69	31	1.0
69	60	4.0
69	61	2.0
69	62	2.0
70	0	7.0
70	1	2.0
70	2	3.0
70	3	3.0
70	4	2.0
70	5	4.0
70	20	3.0
70	21	3.0
70	22	1.0
70	24	1.0
70	25	1.0
70	26	3.0
70	33	1.0
70	35	1.0
70	36	1.0
70	39	1.0
70	40	1.0
70	46	1.0
70	47	1.0
70	48	1.0
70	49	1.0
70	50	1.0
70	60	4.0
70	61	1.0
70	62	2.0
70	63	1.0
70	64	3.0
70	65	1.0
70	66	20.0
70	67	11.0
70	68	3.0
70	69	4.0
70	70	20.0
70	71	1.0
70	86	1.0
70	87	1.0
70	91	1.0
70	93	1.0
70	96	1.0
70	97	1.0
70	100	1.0
70	102	1.0
70	103	1.0
70	105	1.0
71	0	1.0
71	65	1.0
71	66	10.0
71	67	2.0
71	68	5.0
71	5	1.0
71	70	1.0
71	71	10.0
71	64	1.0
71	80	3.0
71	83	2.0
71	20	1.0
71	22	1.0
71	23	1.0
71	88	1.0
71	89	1.0
71	86	2.0
71	84	2.0
71	33	2.0
71	34	1.0
71	36	2.0
71	38	1.0
71	92	2.0
71	48	1.0
71	52	1.0
71	54	1.0
71	55	1.0
71	57	1.0
71	60	3.0
71	61	1.0
71	62	2.0
72	104	1.0
72	85	1.0
72	103	1.0
72	72	12.0
72	73	6.0
72	74	7.0
72	47	1.0
73	72	6.0
73	73	6.0
73	74	1.0
73	47	1.0
74	104	1.0
74	85	1.0
74	103	1.0
74	72	7.0
74	73	1.0
74	74	7.0
75	0	5.0
75	1	2.0
75	2	1.0
75	3	1.0
75	4	3.0
75	5	2.0
75	20	1.0
75	24	1.0
75	25	1.0
75	26	6.0
75	27	3.0
75	28	3.0
75	29	1.0
75	30	2.0
75	31	2.0
75	32	1.0
75	33	4.0
75	34	3.0
75	35	2.0
75	36	1.0
75	37	3.0
75	38	1.0
75	39	4.0
75	40	1.0
75	41	1.0
75	42	3.0
75	44	1.0
75	45	2.0
75	46	1.0
75	47	1.0
75	48	3.0
75	49	1.0
75	50	1.0
75	51	1.0
75	53	2.0
75	54	4.0
75	55	1.0
75	56	3.0
75	58	1.0
75	59	1.0
75	60	8.0
75	61	2.0
75	62	6.0
75	63	3.0
75	64	3.0
75	65	2.0
75	66	2.0
75	67	1.0
75	69	2.0
75	75	50.0
75	76	25.0
75	77	27.0
75	78	22.0
75	79	12.0
75	80	6.0
75	81	1.0
75	82	3.0
75	83	3.0
75	84	1.0
75	85	1.0
75	86	11.0
75	87	4.0
75	88	2.0
75	89	3.0
75	90	1.0
75	91	6.0
75	92	4.0
75	93	1.0
75	94	1.0
75	103	1.0
75	104	1.0
76	0	1.0
76	1	1.0
76	2	1.0
76	26	4.0
76	27	2.0
76	28	2.0
76	29	1.0
76	30	1.0
76	31	1.0
76	32	1.0
76	33	2.0
76	34	2.0
76	35	1.0
76	36	1.0
76	37	1.0
76	39	3.0
76	40	1.0
76	41	1.0
76	42	2.0
76	45	1.0
76	46	1.0
76	47	1.0
76	48	1.0
76	53	1.0
76	54	3.0
76	56	3.0
76	59	1.0
76	60	3.0
76	61	1.0
76	62	2.0
76	63	2.0
76	65	1.0
76	75	25.0
76	76	25.0
76	77	12.0
76	78	6.0
76	79	4.0
76	80	5.0
76	81	1.0
76	82	2.0
76	83	3.0
76	84	1.0
76	85	1.0
76	86	5.0
76	87	2.0
76	88	2.0
76	90	1.0
76	91	2.0
76	92	2.0
76	93	1.0
76	94	1.0
77	0	3.0
77	1	2.0
77	2	1.0
77	3	1.0
77	4	1.0
77	5	1.0
77	20	1.0
77	24	1.0
77	25	1.0
77	26	3.0
77	33	3.0
77	34	2.0
77	35	2.0
77	37	2.0
77	38	1.0
77	39	2.0
77	40	1.0
77	42	2.0
77	44	1.0
77	45	1.0
77	47	1.0
77	48	2.0
77	49	1.0
77	50	1.0
77	51	1.0
77	53	1.0
77	54	2.0
77	56	2.0
77	60	4.0
77	61	1.0
77	62	2.0
77	63	3.0
77	64	1.0
77	65	1.0
77	66	1.0
77	67	1.0
77	69	1.0
77	75	27.0
77	76	12.0
77	77	27.0
77	78	10.0
77	79	4.0
77	80	3.0
77	82	2.0
77	83	1.0
77	84	1.0
77	85	1.0
77	86	6.0
77	87	1.0
77	88	2.0
77	89	1.0
77	91	4.0
77	92	3.0
77	93	1.0
77	94	1.0
78	0	2.0
78	3	1.0
78	4	2.0
78	20	1.0
78	24	1.0
78	25	1.0
78	26	1.0
78	27	1.0
78	28	1.0
78	30	1.0
78	31	1.0
78	33	2.0
78	34	1.0
78	36	1.0
78	37	2.0
78	38	1.0
78	39	1.0
78	42	1.0
78	44	1.0
78	45	1.0
78	48	3.0
78	49	1.0
78	50	1.0
78	51	1.0
78	53	2.0
78	54	2.0
78	55	1.0
78	56	1.0
78	58	1.0
78	60	4.0
78	62	3.0
78	64	3.0
78	65	2.0
78	66	1.0
78	69	1.0
78	75	22.0
78	76	6.0
78	77	10.0
78	78	22.0
78	79	3.0
78	80	3.0
78	82	2.0
78	83	2.0
78	86	5.0
78	87	3.0
78	89	2.0
78	91	3.0
78	92	1.0
78	103	1.0
78	104	1.0
79	0	1.0
79	64	1.0
79	66	2.0
79	67	1.0
79	4	1.0
79	69	2.0
79	75	12.0
79	76	4.0
79	77	4.0
79	78	3.0
79	79	12.0
79	80	1.0
79	81	1.0
79	86	4.0
79	87	1.0
79	89	2.0
79	26	1.0
79	91	3.0
79	92	1.0
79	39	2.0
79	41	1.0
79	42	1.0
79	45	1.0
79	46	1.0
79	54	1.0
79	56	1.0
79	59	1.0
79	60	3.0
79	61	1.0
79	62	3.0
79	63	1.0
80	0	2.0
80	3	1.0
80	4	1.0
80	5	2.0
80	20	11.0
80	21	2.0
80	22	3.0
80	23	7.0
80	24	6.0
80	25	2.0
80	26	1.0
80	33	5.0
80	34	2.0
80	36	1.0
80	38	1.0
80	39	4.0
80	40	2.0
80	42	2.0
80	45	1.0
80	48	4.0
80	49	3.0
80	50	1.0
80	51	1.0
80	53	2.0
80	54	3.0
80	55	1.0
80	56	1.0
80	57	1.0
80	59	1.0
80	60	11.0
80	61	7.0
80	62	4.0
80	63	5.0
80	64	2.0
80	65	4.0
80	66	6.0
80	67	3.0
80	68	5.0
80	69	1.0
80	71	3.0
80	75	6.0
80	76	5.0
80	77	3.0
80	78	3.0
80	79	1.0
80	80	40.0
80	81	11.0
80	82	12.0
80	83	13.0
80	84	12.0
80	86	7.0
80	87	3.0
80	89	1.0
80	90	1.0
80	91	5.0
80	92	4.0
80	93	1.0
80	96	1.0
81	65	1.0
81	66	2.0
81	67	2.0
81	68	1.0
81	69	1.0
81	75	1.0
81	76	1.0
81	79	1.0
81	80	11.0
81	81	11.0
81	82	2.0
81	83	2.0
81	20	5.0
81	21	1.0
81	22	1.0
81	23	3.0
81	24	2.0
81	25	1.0
81	26	1.0
81	91	3.0
81	86	4.0
81	90	1.0
81	39	2.0
81	92	2.0
81	42	1.0
81	45	1.0
81	89	1.0
81	84	4.0
81	87	1.0
81	60	2.0
81	61	1.0
81	62	1.0
81	63	1.0
82	0	1.0
82	66	1.0
82	3	1.0
82	68	1.0
82	5	1.0
82	75	3.0
82	76	2.0
82	77	2.0
82	78	2.0
82	80	12.0
82	81	2.0
82	82	12.0
82	67	1.0
82	20	3.0
82	21	1.0
82	23	2.0
82	24	1.0
82	25	1.0
82	33	1.0
82	39	1.0
82	42	1.0
82	48	3.0
82	49	2.0
82	50	1.0
82	51	1.0
82	53	2.0
82	54	1.0
82	56	1.0
82	84	2.0
82	59	1.0
82	60	2.0
82	61	2.0
82	83	1.0
82	63	2.0
83	64	2.0
83	65	3.0
83	66	2.0
83	68	2.0
83	71	2.0
83	75	3.0
83	76	3.0
83	77	1.0
83	78	2.0
83	80	13.0
83	81	2.0
83	82	1.0
83	83	13.0
83	20	4.0
83	21	1.0
83	86	2.0
83	23	3.0
83	24	3.0
83	90	1.0
83	92	1.0
83	33	2.0
83	34	1.0
83	36	1.0
83	38	1.0
83	39	1.0
83	40	1.0
83	42	1.0
83	84	4.0
83	87	1.0
83	60	6.0
83	61	4.0
83	62	2.0
83	63	1.0
84	0	1.0
84	65	1.0
84	66	3.0
84	67	1.0
84	4	1.0
84	5	1.0
84	71	2.0
84	75	1.0
84	76	1.0
84	77	1.0
84	80	12.0
84	81	4.0
84	82	2.0
84	83	4.0
84	20	4.0
84	22	2.0
84	23	3.0
84	24	2.0
84	68	3.0
84	91	2.0
84	86	2.0
84	33	1.0
84	36	1.0
84	38	1.0
84	39	2.0
84	40	1.0
84	92	1.0
84	42	1.0
84	45	1.0
84	89	1.0
84	84	12.0
84	60	3.0
84	61	1.0
84	62	2.0
84	63	2.0
85	11	1.0
85	6	2.0
85	97	4.0
85	72	1.0
85	74	1.0
85	75	1.0
85	76	1.0
85	13	1.0
85	77	1.0
85	16	1.0
85	19	1.0
85	85	10.0
85	86	2.0
85	88	1.0
85	26	2.0
85	15	1.0
85	92	1.0
85	101	1.0
85	33	1.0
85	34	1.0
85	91	2.0
85	100	3.0
85	37	1.0
85	39	1.0
85	40	1.0
85	105	1.0
85	42	1.0
85	103	2.0
85	99	3.0
85	104	1.0
85	54	1.0
85	56	1.0
86	0	4.0
86	1	2.0
86	3	1.0
86	4	3.0
86	5	1.0
86	20	4.0
86	21	2.0
86	22	1.0
86	23	1.0
86	24	3.0
86	25	1.0
86	26	3.0
86	27	1.0
86	28	1.0
86	29	1.0
86	32	1.0
86	33	3.0
86	34	2.0
86	35	1.0
86	37	1.0
86	38	1.0
86	39	12.0
86	40	5.0
86	41	1.0
86	42	1.0
86	43	1.0
86	44	3.0
86	45	2.0
86	46	1.0
86	47	1.0
86	48	3.0
86	49	1.0
86	50	1.0
86	52	2.0
86	54	2.0
86	55	2.0
86	56	1.0
86	59	1.0
86	60	5.0
86	61	2.0
86	62	4.0
86	63	2.0
86	64	1.0
86	65	1.0
86	66	5.0
86	67	2.0
86	68	2.0
86	69	2.0
86	70	1.0
86	71	2.0
86	75	11.0
86	76	5.0
86	77	6.0
86	78	5.0
86	79	4.0
86	80	7.0
86	81	4.0
86	83	2.0
86	84	2.0
86	85	2.0
86	86	63.0
86	87	27.0
86	88	10.0
86	89	9.0
86	90	14.0
86	91	36.0
86	92	26.0
86	93	9.0
86	94	5.0
86	95	2.0
86	96	4.0
86	103	1.0
86	104	1.0
86	105	1.0
87	0	2.0
87	3	1.0
87	4	2.0
87	5	1.0
87	20	3.0
87	21	1.0
87	22	1.0
87	23	1.0
87	24	2.0
87	25	1.0
87	26	1.0
87	33	1.0
87	35	1.0
87	39	5.0
87	40	1.0
87	42	1.0
87	43	1.0
87	44	1.0
87	45	1.0
87	46	1.0
87	47	1.0
87	48	3.0
87	49	1.0
87	50	1.0
87	52	2.0
87	54	2.0
87	55	2.0
87	56	1.0
87	59	1.0
87	60	1.0
87	61	1.0
87	62	1.0
87	66	2.0
87	67	1.0
87	69	1.0
87	70	1.0
87	75	4.0
87	76	2.0
87	77	1.0
87	78	3.0
87	79	1.0
87	80	3.0
87	81	1.0
87	83	1.0
87	86	27.0
87	87	27.0
87	88	3.0
87	89	3.0
87	90	6.0
87	91	12.0
87	92	5.0
87	93	5.0
87	94	3.0
87	95	1.0
87	96	2.0
88	65	1.0
88	66	1.0
88	68	1.0
88	71	1.0
88	75	2.0
88	76	2.0
88	77	2.0
88	85	1.0
88	86	10.0
88	87	3.0
88	88	10.0
88	26	1.0
88	91	3.0
88	92	3.0
88	90	2.0
88	94	1.0
88	95	1.0
88	39	1.0
88	93	1.0
88	47	1.0
88	54	1.0
88	55	1.0
88	56	1.0
88	60	2.0
88	61	1.0
88	62	1.0
88	63	1.0
89	96	1.0
89	66	2.0
89	67	1.0
89	68	1.0
89	69	1.0
89	71	1.0
89	75	3.0
89	77	1.0
89	78	2.0
89	79	2.0
89	80	1.0
89	81	1.0
89	84	1.0
89	86	9.0
89	87	3.0
89	89	9.0
89	27	1.0
89	28	1.0
89	29	1.0
89	32	1.0
89	91	5.0
89	39	2.0
89	40	1.0
89	92	2.0
89	44	1.0
89	45	1.0
89	93	1.0
90	66	1.0
90	67	1.0
90	69	1.0
90	75	1.0
90	76	1.0
90	80	1.0
90	81	1.0
90	83	1.0
90	20	2.0
90	86	14.0
90	23	1.0
90	24	2.0
90	25	1.0
90	26	2.0
90	91	5.0
90	92	4.0
90	90	14.0
90	94	3.0
90	95	1.0
90	39	3.0
90	40	2.0
90	41	1.0
90	43	1.0
90	45	1.0
90	93	3.0
90	48	1.0
90	50	1.0
90	52	1.0
90	54	1.0
90	55	1.0
90	88	2.0
90	87	6.0
90	59	1.0
91	0	2.0
91	1	1.0
91	4	2.0
91	5	1.0
91	20	1.0
91	21	1.0
91	22	1.0
91	26	1.0
91	27	1.0
91	28	1.0
91	29	1.0
91	32	1.0
91	33	3.0
91	34	2.0
91	35	1.0
91	37	1.0
91	38	1.0
91	39	8.0
91	40	4.0
91	41	1.0
91	42	1.0
91	44	3.0
91	45	1.0
91	46	1.0
91	48	2.0
91	49	1.0
91	50	1.0
91	52	1.0
91	60	3.0
91	62	2.0
91	63	2.0
91	64	1.0
91	65	1.0
91	66	2.0
91	67	1.0
91	69	1.0
91	70	1.0
91	75	6.0
91	76	2.0
91	77	4.0
91	78	3.0
91	79	3.0
91	80	5.0
91	81	3.0
91	84	2.0
91	85	2.0
91	86	36.0
91	87	12.0
91	88	3.0
91	89	5.0
91	90	5.0
91	91	36.0
91	92	15.0
91	93	7.0
91	94	3.0
91	95	1.0
91	96	4.0
92	0	3.0
92	1	2.0
92	3	1.0
92	4	2.0
92	20	1.0
92	21	1.0
92	24	1.0
92	26	2.0
92	33	1.0
92	34	1.0
92	38	1.0
92	39	7.0
92	40	3.0
92	42	1.0
92	44	1.0
92	45	1.0
92	48	1.0
92	52	1.0
92	60	2.0
92	61	1.0
92	62	2.0
92	63	1.0
92	66	2.0
92	68	2.0
92	71	2.0
92	75	4.0
92	76	2.0
92	77	3.0
92	78	1.0
92	79	1.0
92	80	4.0
92	81	2.0
92	83	1.0
92	84	1.0
92	85	1.0
92	86	26.0
92	87	5.0
92	88	3.0
92	89	2.0
92	90	4.0
92	91	15.0
92	92	26.0
92	93	2.0
92	94	1.0
92	96	1.0
93	0	5.0
93	1	1.0
93	2	2.0
93	3	3.0
93	4	2.0
93	5	1.0
93	20	8.0
93	21	6.0
93	22	2.0
93	23	4.0
93	24	4.0
93	25	2.0
93	27	3.0
93	28	2.0
93	30	2.0
93	31	3.0
93	33	1.0
93	35	1.0
93	39	2.0
93	44	2.0
93	45	1.0
93	46	1.0
93	47	1.0
93	48	2.0
93	50	1.0
93	51	1.0
93	52	1.0
93	54	3.0
93	56	2.0
93	58	1.0
93	59	2.0
93	60	8.0
93	61	6.0
93	63	4.0
93	64	2.0
93	65	3.0
93	66	2.0
93	67	2.0
93	69	1.0
93	70	1.0
93	75	1.0
93	76	1.0
93	77	1.0
93	80	1.0
93	86	9.0
93	87	5.0
93	88	1.0
93	89	1.0
93	90	3.0
93	91	7.0
93	92	2.0
93	93	33.0
93	94	20.0
93	95	9.0
93	96	8.0
94	0	2.0
94	65	2.0
94	3	2.0
94	4	2.0
94	86	5.0
94	75	1.0
94	76	1.0
94	77	1.0
94	88	1.0
94	20	5.0
94	21	4.0
94	22	1.0
94	23	3.0
94	24	3.0
94	25	1.0
94	90	3.0
94	27	2.0
94	28	1.0
94	93	20.0
94	30	2.0
94	31	2.0
94	96	1.0
94	33	1.0
94	35	1.0
94	39	1.0
94	91	3.0
94	92	1.0
94	95	3.0
94	44	1.0
94	45	1.0
94	47	1.0
94	48	2.0
94	87	3.0
94	50	1.0
94	51	1.0
94	52	1.0
94	94	20.0
94	54	1.0
94	58	1.0
94	59	1.0
94	60	4.0
94	61	3.0
94	63	2.0
95	0	1.0
95	64	1.0
95	66	1.0
95	3	1.0
95	22	2.0
95	65	1.0
95	87	1.0
95	88	1.0
95	67	1.0
95	20	5.0
95	21	4.0
95	86	2.0
95	23	3.0
95	24	1.0
95	25	1.0
95	90	1.0
95	91	1.0
95	93	9.0
95	94	3.0
95	69	1.0
95	96	1.0
95	95	9.0
95	47	1.0
95	54	1.0
95	56	1.0
95	59	1.0
95	60	3.0
95	61	2.0
95	63	2.0
96	0	1.0
96	1	1.0
96	2	1.0
96	67	1.0
96	70	1.0
96	64	1.0
96	87	2.0
96	66	1.0
96	89	1.0
96	80	1.0
96	20	1.0
96	86	4.0
96	23	1.0
96	25	1.0
96	27	1.0
96	28	1.0
96	93	8.0
96	94	1.0
96	31	1.0
96	96	8.0
96	33	1.0
96	35	1.0
96	92	1.0
96	95	1.0
96	91	4.0
96	54	2.0
96	56	2.0
96	59	1.0
96	60	1.0
96	61	1.0
97	33	1.0
97	66	1.0
97	67	1.0
97	36	1.0
97	101	10.0
97	70	1.0
97	97	39.0
97	98	14.0
97	47	2.0
97	48	1.0
97	99	13.0
97	53	1.0
97	100	13.0
97	26	5.0
97	102	13.0
97	85	4.0
98	48	1.0
98	97	14.0
98	98	14.0
98	99	4.0
98	100	3.0
98	53	1.0
98	102	4.0
98	26	1.0
98	101	1.0
98	47	2.0
99	97	13.0
99	98	4.0
99	99	13.0
99	100	4.0
99	85	3.0
99	26	1.0
99	101	2.0
100	33	1.0
100	66	1.0
100	67	1.0
100	36	1.0
100	101	2.0
100	70	1.0
100	97	13.0
100	98	3.0
100	47	1.0
100	48	1.0
100	99	4.0
100	53	1.0
100	100	13.0
100	102	3.0
100	85	3.0
101	33	1.0
101	98	1.0
101	99	2.0
101	36	1.0
101	85	1.0
101	102	3.0
101	97	10.0
101	100	2.0
101	26	1.0
101	101	10.0
102	97	13.0
102	66	1.0
102	67	1.0
102	100	3.0
102	101	3.0
102	70	1.0
102	26	2.0
102	102	13.0
102	98	4.0
102	47	1.0
103	0	1.0
103	1	1.0
103	3	1.0
103	6	6.0
103	8	2.0
103	9	1.0
103	11	1.0
103	12	2.0
103	13	2.0
103	14	1.0
103	15	1.0
103	16	3.0
103	19	1.0
103	20	2.0
103	21	1.0
103	22	1.0
103	23	1.0
103	27	1.0
103	28	1.0
103	29	1.0
103	30	1.0
103	33	1.0
103	36	1.0
103	37	1.0
103	48	1.0
103	49	1.0
103	52	1.0
103	54	1.0
103	56	1.0
103	57	1.0
103	60	3.0
103	62	3.0
103	64	2.0
103	65	1.0
103	66	2.0
103	67	2.0
103	70	1.0
103	72	1.0
103	74	1.0
103	75	1.0
103	78	1.0
103	85	2.0
103	86	1.0
103	103	16.0
103	104	10.0
103	105	10.0
104	64	1.0
104	66	1.0
104	67	1.0
104	86	1.0
104	6	4.0
104	8	2.0
104	9	1.0
104	74	1.0
104	75	1.0
104	12	1.0
104	13	1.0
104	14	1.0
104	16	2.0
104	19	1.0
104	20	2.0
104	21	1.0
104	22	1.0
104	23	1.0
104	27	1.0
104	28	1.0
104	29	1.0
104	30	1.0
104	33	1.0
104	36	1.0
104	37	1.0
104	103	10.0
104	104	10.0
104	105	5.0
104	78	1.0
104	72	1.0
104	54	1.0
104	56	1.0
104	57	1.0
104	60	1.0
104	62	1.0
104	85	1.0
105	64	1.0
105	65	1.0
105	66	1.0
105	67	1.0
105	86	1.0
105	6	4.0
105	8	1.0
105	11	1.0
105	12	2.0
105	13	1.0
105	15	1.0
105	16	2.0
105	19	1.0
105	20	2.0
105	21	1.0
105	22	1.0
105	23	1.0
105	33	1.0
105	36	1.0
105	37	1.0
105	103	10.0
105	104	5.0
105	105	10.0
105	70	1.0
105	48	1.0
105	49	1.0
105	52	1.0
105	54	1.0
105	56	1.0
105	57	1.0
105	60	2.0
105	62	2.0
105	85	1.0
